<ImportExportXml xmlns:xsi="http://www.w3.org/2001/XMLSchema-instance">
  <Entities></Entities>
  <Roles></Roles>
  <Workflows></Workflows>
  <FieldSecurityProfiles></FieldSecurityProfiles>
  <Templates />
  <EntityMaps />
  <EntityRelationships />
  <OrganizationSettings />
  <optionsets />
  <CustomControls />
  <EntityDataProviders />
  <CanvasApps>
    <CanvasApp>
      <Name>ppchal_challenge001_22b15</Name>
      <AppVersion>2021-12-30T16:48:08Z</AppVersion>
      <Status>Ready</Status>
      <CreatedByClientVersion>3.21115.37.0</CreatedByClientVersion>
      <MinClientVersion>3.21115.37.0</MinClientVersion>
      <Tags>{"primaryDeviceWidth":"1366","primaryDeviceHeight":"768","sienaVersion":"2858f868-f278-4fa2-86b1-683f62ed2250","deviceCapabilities":"webcam","supportsPortrait":"true","supportsLandscape":"true","primaryFormFactor":"Tablet","publisherVersion":"3.21115.37","minimumRequiredApiVersion":"2.2.0","hasComponent":"false","hasUnlockedComponent":"false","isUnifiedRootApp":"false"}</Tags>
      <IsCdsUpgraded>0</IsCdsUpgraded>
      <GalleryItemId xsi:nil="true"></GalleryItemId>
      <BackgroundColor>RGBA(0,176,240,1)</BackgroundColor>
      <DisplayName>Challenge 001</DisplayName>
      <Description xsi:nil="true"></Description>
      <CommitMessage xsi:nil="true"></CommitMessage>
      <Publisher xsi:nil="true"></Publisher>
      <AuthorizationReferences>[]</AuthorizationReferences>
      <ConnectionReferences>{}</ConnectionReferences>
      <DatabaseReferences>{"default.cds":{"databaseDetails":{"referenceType":"NotSpecified","environmentName":"default.cds","overrideValues":{"status":"NotSpecified"}},"dataSources":{"43b0dc67-68af-47ae-9a9c-9e69d396ba3e":{"entitySetName":"msdyn_aimodels","logicalName":"msdyn_aimodel"}}}}</DatabaseReferences>
      <AppComponents>[]</AppComponents>
      <AppComponentDependencies>[]</AppComponentDependencies>
      <CanConsumeAppPass>1</CanConsumeAppPass>
      <CanvasAppType>0</CanvasAppType>
      <BypassConsent>0</BypassConsent>
      <AdminControlBypassConsent>0</AdminControlBypassConsent>
      <EmbeddedApp xsi:nil="true"></EmbeddedApp>
      <IntroducedVersion>1.0</IntroducedVersion>
      <CdsDependencies>{"cdsdependencies":[{"logicalname":"msdyn_aimodel","componenttype":1}]}</CdsDependencies>
      <IsCustomizable>1</IsCustomizable>
      <BackgroundImageUri>/CanvasApps/ppchal_challenge001_22b15_BackgroundImageUri</BackgroundImageUri>
      <DocumentUri>/CanvasApps/ppchal_challenge001_22b15_DocumentUri.msapp</DocumentUri>
    </CanvasApp>
  </CanvasApps>
  <AIModels>
    <AIModel>
      <msdyn_aimodelid>{d15f97ce-8d69-ec11-8943-6045bd8ce422}</msdyn_aimodelid>
      <msdyn_name>Face Mask</msdyn_name>
      <msdyn_templateid>{bd519240-4989-45e3-ae17-115c3fd487c6}</msdyn_templateid>
      <statecode>1</statecode>
      <statuscode>1</statuscode>
      <IsCustomizable>1</IsCustomizable>
      <msdyn_activerunconfigurationid>{9c58ded4-8d69-ec11-8943-6045bd8ce422}</msdyn_activerunconfigurationid>
      <AIConfigurations>
        <AIConfiguration>
          <msdyn_aiconfigurationid>{9b58ded4-8d69-ec11-8943-6045bd8ce422}</msdyn_aiconfigurationid>
          <msdyn_majoriterationnumber>1</msdyn_majoriterationnumber>
          <msdyn_minoriterationnumber>0</msdyn_minoriterationnumber>
          <msdyn_modeldata></msdyn_modeldata>
          <msdyn_name>Face Mask Train Config</msdyn_name>
          <msdyn_modelrundataspecification>
        {
        "schemaVersion": 2,
        "input": {},
        "output": {}
        }
      </msdyn_modelrundataspecification>
          <msdyn_type>190690000</msdyn_type>
          <msdyn_aimodelid>{d15f97ce-8d69-ec11-8943-6045bd8ce422}</msdyn_aimodelid>
          <statecode>2</statecode>
          <statuscode>6</statuscode>
          <IsCustomizable>1</IsCustomizable>
          <msdyn_templateversion>1</msdyn_templateversion>
          <msdyn_runconfiguration>
        [
          {
            "name": "customPipelineYaml",
            "displayName": "Custom Pipeline Image Classification RealTime Predict Yaml",
            "description": "Defines the yaml definition to be used for Image Classification real time predict pipeline",
            "defaultValue": "Image-Classification-RealTimePredict-Pipeline.yaml",
            "type": "Edm.String"
          },
          {
            "name": "isCustomPipelinesEnabled",
            "displayName": "Use Custom Pipelines",
            "description": "Use Custom Pipelines",
            "defaultValue": "True",
            "type": "Edm.Boolean"
          }
        ]
      </msdyn_runconfiguration>
          <msdyn_resourceinfo>
        {
          "ResourceType": "PythonVirtualEnvironment",
          "PythonVirtualEnvironmentInfo":
          {
            "FeaturizerModuleName": "",
            "PredictionModuleName": "powerai.models.ic.generic.predictor",
            "PackageName": "powerai-env",
            "PackageVersion": "0.0.1",
            "TrainerModuleName": ""
          },
          "ModelStorageType": "Value"
        }
      </msdyn_resourceinfo>
        </AIConfiguration>
      </AIConfigurations>
    </AIModel>
  </AIModels>
  <Languages>
    <Language>1033</Language>
  </Languages>
</ImportExportXml>